purchase_id,customer_id,product_id,purchased_at,quantity
O0001,C001,P131,2025-12-26,1
O0002,C001,P106,2026-07-09,1
O0003,C002,P095,2025-08-07,2
O0004,C002,P058,2025-10-29,1
O0005,C002,P038,2026-01-19,2
O0006,C003,P196,2025-09-26,1
O0007,C003,P040,2025-10-24,1
O0008,C003,P058,2026-03-10,2
O0009,C003,P068,2026-05-30,1
O0010,C004,P179,2025-07-20,1
O0011,C004,P166,2025-07-20,1
O0012,C004,P184,2025-08-15,1
O0013,C004,P133,2025-08-28,1
O0014,C004,P045,2025-09-30,1
O0015,C004,P035,2026-01-02,1
O0016,C004,P090,2026-01-05,1
O0017,C004,P071,2026-02-18,1
O0018,C005,P032,2025-07-17,1
O0019,C005,P175,2025-09-21,1
O0020,C005,P139,2026-01-04,1
O0021,C005,P123,2026-07-02,1
O0022,C005,P141,2026-07-24,1
O0023,C006,P183,2025-07-10,1
O0024,C006,P048,2025-08-16,1
O0025,C006,P064,2025-09-28,2
O0026,C006,P144,2025-10-17,2
O0027,C006,P051,2025-11-02,1
O0028,C006,P197,2025-12-22,1
O0029,C006,P141,2026-01-04,1
O0030,C006,P061,2026-06-26,1
O0031,C007,P157,2025-09-16,1
O0032,C007,P057,2025-11-29,1
O0033,C007,P149,2026-05-29,1
O0034,C007,P140,2026-06-07,1
O0035,C008,P104,2025-11-06,3
O0036,C008,P145,2025-12-19,1
O0037,C008,P194,2026-03-26,1
O0038,C008,P012,2026-04-09,1
O0039,C009,P100,2026-01-31,1
O0040,C009,P170,2026-07-23,1
O0041,C010,P082,2025-08-15,1
O0042,C010,P100,2025-09-22,3
O0043,C010,P118,2025-11-25,1
O0044,C010,P194,2025-12-21,1
O0045,C010,P089,2026-04-28,3
O0046,C010,P123,2026-06-27,1
O0047,C011,P095,2025-09-29,1
O0048,C011,P149,2025-11-30,3
O0049,C011,P009,2026-04-26,1
O0050,C012,P191,2025-08-14,1
O0051,C012,P001,2025-10-08,1
O0052,C012,P058,2026-01-11,1
O0053,C012,P085,2026-05-21,1
O0054,C012,P096,2026-06-23,1
O0055,C012,P149,2026-07-15,2
O0056,C013,P004,2025-09-25,3
O0057,C013,P136,2025-11-06,1
O0058,C013,P144,2025-12-09,1
O0059,C013,P165,2025-12-12,1
O0060,C013,P081,2026-03-22,1
O0061,C013,P119,2026-05-23,1
O0062,C013,P067,2026-06-10,1
O0063,C013,P132,2026-07-19,1
O0064,C014,P142,2025-08-09,1
O0065,C014,P168,2025-09-12,1
O0066,C014,P187,2025-10-21,1
O0067,C014,P055,2025-10-31,1
O0068,C014,P039,2026-07-08,1
O0069,C015,P181,2025-08-09,1
O0070,C015,P171,2025-12-06,1
O0071,C015,P066,2026-03-15,1
O0072,C016,P099,2025-08-19,2
O0073,C016,P062,2025-10-03,1
O0074,C016,P194,2025-10-15,1
O0075,C017,P078,2025-10-06,1
O0076,C017,P158,2026-01-03,1
O0077,C017,P176,2026-01-27,1
O0078,C017,P121,2026-02-24,1
O0079,C017,P194,2026-04-11,1
O0080,C017,P149,2026-05-28,1
O0081,C017,P072,2026-05-31,1
O0082,C017,P073,2026-07-04,1
O0083,C018,P155,2025-08-16,1
O0084,C018,P016,2025-08-24,1
O0085,C018,P110,2026-04-15,1
O0086,C018,P068,2026-05-25,1
O0087,C018,P183,2026-06-29,1
O0088,C019,P019,2025-09-27,1
O0089,C019,P124,2026-02-28,1
O0090,C020,P140,2025-11-30,1
O0091,C020,P033,2026-01-06,1
O0092,C020,P074,2026-03-01,1
O0093,C020,P107,2026-07-18,1
O0094,C021,P008,2025-07-19,1
O0095,C021,P157,2025-10-26,2
O0096,C021,P141,2026-02-19,1
O0097,C021,P021,2026-06-30,1
O0098,C022,P099,2025-11-06,2
O0099,C022,P048,2025-12-23,1
O0100,C022,P101,2026-05-28,1
O0101,C022,P139,2026-06-11,1
O0102,C023,P103,2025-09-01,1
O0103,C023,P061,2025-11-09,1
O0104,C023,P068,2026-01-19,1
O0105,C023,P087,2026-04-03,1
O0106,C023,P074,2026-05-30,1
O0107,C023,P040,2026-07-06,1
O0108,C024,P184,2025-07-28,1
O0109,C024,P171,2025-08-19,1
O0110,C024,P173,2025-12-31,2
O0111,C024,P155,2026-01-01,1
O0112,C024,P084,2026-03-16,1
O0113,C024,P143,2026-03-28,1
O0114,C024,P133,2026-07-23,1
O0115,C024,P156,2026-07-23,1
O0116,C025,P012,2025-09-08,1
O0117,C025,P060,2026-04-04,1
O0118,C025,P058,2026-08-01,1
O0119,C026,P032,2025-07-12,2
O0120,C026,P143,2025-08-13,1
O0121,C026,P023,2026-01-08,1
O0122,C026,P096,2026-01-23,1
O0123,C026,P102,2026-03-22,2
O0124,C026,P008,2026-07-06,1
O0125,C027,P118,2025-07-07,1
O0126,C027,P152,2025-10-14,1
O0127,C027,P074,2025-10-21,1
O0128,C027,P089,2026-01-18,1
O0129,C027,P082,2026-02-01,1
O0130,C027,P121,2026-02-25,1
O0131,C027,P122,2026-04-28,1
O0132,C027,P093,2026-06-26,1
O0133,C028,P031,2025-07-08,1
O0134,C028,P179,2025-09-01,1
O0135,C028,P042,2025-10-23,1
O0136,C028,P071,2025-11-26,2
O0137,C028,P171,2025-12-18,1
O0138,C028,P133,2026-01-27,1
O0139,C028,P190,2026-04-22,1
O0140,C029,P126,2025-11-18,1
O0141,C029,P083,2025-12-20,1
O0142,C029,P139,2026-06-20,1
O0143,C030,P012,2025-07-12,1
O0144,C030,P199,2025-07-28,1
O0145,C030,P155,2025-08-18,1
O0146,C030,P145,2025-09-22,1
O0147,C030,P085,2026-01-14,2
O0148,C030,P114,2026-02-10,1
O0149,C031,P162,2025-08-20,1
O0150,C031,P058,2025-11-04,1
O0151,C031,P137,2026-01-17,1
O0152,C031,P080,2026-01-24,1
O0153,C031,P024,2026-04-22,1
O0154,C031,P118,2026-05-02,1
O0155,C031,P028,2026-05-19,1
O0156,C031,P012,2026-08-01,1
O0157,C032,P096,2025-10-08,1
O0158,C032,P134,2025-10-28,1
O0159,C032,P194,2025-12-16,1
O0160,C032,P099,2026-06-20,1
O0161,C033,P144,2025-08-04,1
O0162,C033,P076,2025-10-20,1
O0163,C033,P179,2026-02-03,1
O0164,C033,P082,2026-04-26,1
O0165,C033,P037,2026-06-24,1
O0166,C034,P174,2025-11-26,2
O0167,C034,P045,2025-11-27,1
O0168,C034,P183,2025-12-23,1
O0169,C034,P125,2026-02-05,1
O0170,C034,P152,2026-02-21,2
O0171,C034,P168,2026-05-23,2
O0172,C034,P146,2026-06-16,1
O0173,C035,P031,2025-11-27,1
O0174,C035,P183,2025-12-18,1
O0175,C035,P078,2026-03-03,1
O0176,C035,P168,2026-03-17,1
O0177,C035,P006,2026-05-03,1
O0178,C036,P035,2025-07-18,1
O0179,C036,P086,2025-08-04,2
O0180,C036,P057,2025-10-14,1
O0181,C036,P073,2025-11-03,1
O0182,C036,P048,2026-02-01,1
O0183,C036,P096,2026-02-11,1
O0184,C036,P095,2026-04-20,1
O0185,C036,P001,2026-04-24,1
O0186,C037,P132,2025-07-28,1
O0187,C037,P176,2025-10-20,3
O0188,C037,P037,2026-07-19,2
O0189,C038,P072,2025-09-20,1
O0190,C038,P022,2026-01-07,1
O0191,C038,P191,2026-05-09,1
O0192,C038,P091,2026-06-11,1
O0193,C038,P093,2026-07-02,1
O0194,C039,P050,2025-10-07,1
O0195,C039,P179,2025-10-26,1
O0196,C039,P143,2025-11-08,1
O0197,C039,P153,2026-05-05,1
O0198,C039,P132,2026-07-17,1
O0199,C040,P167,2025-11-10,1
O0200,C040,P191,2026-03-19,1
O0201,C040,P149,2026-04-20,1
O0202,C041,P029,2025-08-06,1
O0203,C041,P070,2025-08-20,1
O0204,C041,P176,2025-11-06,1
O0205,C041,P107,2026-01-08,1
O0206,C042,P187,2026-03-12,1
O0207,C042,P064,2026-03-18,1
O0208,C042,P117,2026-04-17,1
O0209,C043,P038,2025-07-18,1
O0210,C043,P067,2025-09-17,1
O0211,C043,P106,2025-11-07,1
O0212,C043,P092,2026-01-03,1
O0213,C043,P113,2026-01-24,1
O0214,C043,P174,2026-02-09,1
O0215,C043,P108,2026-06-05,1
O0216,C044,P101,2025-07-23,1
O0217,C044,P040,2025-07-30,1
O0218,C044,P074,2025-11-06,1
O0219,C045,P176,2025-08-17,1
O0220,C045,P190,2025-10-30,1
O0221,C045,P013,2026-03-01,1
O0222,C045,P194,2026-06-18,1
O0223,C045,P170,2026-07-18,2
O0224,C045,P057,2026-07-20,1
O0225,C045,P101,2026-07-21,1
O0226,C045,P100,2026-08-04,1
O0227,C046,P122,2025-11-29,1
O0228,C046,P151,2026-05-02,1
O0229,C047,P089,2025-09-07,1
O0230,C047,P160,2025-11-22,1
O0231,C047,P059,2026-07-06,1
O0232,C048,P123,2026-02-12,1
O0233,C048,P117,2026-02-14,1
O0234,C048,P064,2026-03-24,3
O0235,C048,P093,2026-05-08,1
O0236,C048,P002,2026-06-02,1
O0237,C049,P175,2025-10-05,1
O0238,C049,P157,2025-10-20,1
O0239,C049,P100,2025-11-16,2
O0240,C049,P190,2025-12-08,1
O0241,C049,P197,2026-04-16,1
O0242,C049,P057,2026-06-13,1
O0243,C050,P088,2025-09-16,1
O0244,C050,P038,2025-10-20,1
O0245,C050,P016,2025-12-06,1
O0246,C050,P115,2026-01-23,1
O0247,C050,P073,2026-04-10,2
O0248,C050,P083,2026-05-20,1
O0249,C050,P159,2026-07-31,1
O0250,C051,P199,2025-09-14,1
O0251,C051,P106,2025-12-05,1
O0252,C051,P033,2025-12-15,1
O0253,C051,P043,2026-08-05,1
O0254,C052,P127,2025-08-29,1
O0255,C052,P142,2025-11-29,1
O0256,C052,P186,2026-06-25,1
O0257,C052,P006,2026-06-27,1
O0258,C052,P035,2026-07-05,1
O0259,C053,P080,2025-07-18,1
O0260,C053,P089,2025-11-01,1
O0261,C053,P104,2026-01-14,1
O0262,C053,P100,2026-05-25,1
O0263,C053,P082,2026-06-26,1
O0264,C053,P041,2026-07-07,1
O0265,C053,P012,2026-07-28,1
O0266,C054,P016,2025-07-13,1
O0267,C054,P096,2025-08-06,1
O0268,C054,P058,2025-09-30,3
O0269,C054,P140,2026-04-04,1
O0270,C054,P083,2026-04-09,1
O0271,C055,P183,2025-07-18,1
O0272,C055,P078,2025-08-05,1
O0273,C055,P135,2025-09-24,1
O0274,C055,P118,2025-12-21,1
O0275,C055,P063,2026-05-17,1
O0276,C055,P080,2026-07-16,1
O0277,C056,P109,2025-08-03,1
O0278,C056,P103,2025-08-12,1
O0279,C056,P118,2025-12-06,1
O0280,C056,P080,2025-12-21,1
O0281,C056,P165,2026-06-06,1
O0282,C057,P047,2025-07-12,1
O0283,C057,P168,2025-08-13,1
O0284,C057,P004,2025-11-02,1
O0285,C057,P049,2026-02-16,1
O0286,C057,P051,2026-02-22,1
O0287,C057,P117,2026-06-26,1
O0288,C058,P165,2025-11-08,3
O0289,C058,P199,2025-12-19,1
O0290,C058,P118,2026-02-17,1
O0291,C058,P164,2026-05-04,1
O0292,C058,P012,2026-07-15,1
O0293,C059,P198,2025-10-20,1
O0294,C059,P144,2026-01-09,1
O0295,C059,P199,2026-04-17,1
O0296,C059,P067,2026-07-11,1
O0297,C059,P060,2026-08-05,1
O0298,C060,P135,2025-08-04,3
O0299,C060,P164,2025-08-10,1
O0300,C060,P180,2025-08-29,1
O0301,C060,P132,2026-06-17,1
O0302,C060,P122,2026-07-12,1
O0303,C061,P004,2025-09-15,1
O0304,C061,P075,2026-04-18,1
O0305,C061,P041,2026-06-24,1
O0306,C062,P190,2025-09-11,1
O0307,C062,P044,2025-10-14,1
O0308,C062,P084,2025-12-02,3
O0309,C062,P113,2026-02-18,1
O0310,C062,P085,2026-07-13,1
O0311,C063,P097,2025-09-15,1
O0312,C063,P074,2025-09-15,1
O0313,C063,P149,2025-10-02,1
O0314,C063,P167,2025-12-23,1
O0315,C063,P034,2026-04-09,1
O0316,C063,P191,2026-06-29,1
O0317,C063,P091,2026-07-18,1
O0318,C064,P085,2025-08-28,1
O0319,C064,P027,2025-11-25,1
O0320,C064,P153,2025-11-27,3
O0321,C064,P031,2026-02-25,1
O0322,C064,P177,2026-03-23,1
O0323,C064,P110,2026-06-21,1
O0324,C064,P141,2026-07-07,1
O0325,C065,P080,2025-08-23,1
O0326,C065,P174,2025-11-23,1
O0327,C065,P074,2026-04-30,1
O0328,C066,P142,2025-11-09,1
O0329,C066,P018,2026-01-11,1
O0330,C066,P111,2026-02-14,1
O0331,C066,P163,2026-03-02,1
O0332,C066,P190,2026-07-25,1
O0333,C067,P090,2025-08-30,1
O0334,C067,P195,2025-09-21,1
O0335,C067,P092,2025-11-08,1
O0336,C067,P055,2026-04-24,1
O0337,C067,P023,2026-06-10,1
O0338,C067,P051,2026-07-24,1
O0339,C068,P039,2025-08-09,1
O0340,C068,P075,2026-02-02,3
O0341,C068,P070,2026-02-04,1
O0342,C068,P048,2026-05-08,1
O0343,C068,P068,2026-07-27,2
O0344,C069,P121,2025-07-12,1
O0345,C069,P152,2025-11-02,1
O0346,C069,P023,2026-05-22,1
O0347,C069,P018,2026-07-25,1
O0348,C070,P164,2025-12-09,1
O0349,C070,P117,2026-02-24,1
O0350,C070,P083,2026-04-12,1
O0351,C070,P147,2026-04-15,1
O0352,C070,P122,2026-04-28,2
O0353,C070,P162,2026-05-27,3
O0354,C070,P137,2026-05-28,1
O0355,C071,P100,2025-08-22,1
O0356,C071,P169,2025-09-08,1
O0357,C071,P156,2026-01-05,1
O0358,C071,P117,2026-06-02,1
O0359,C071,P185,2026-06-15,1
O0360,C072,P107,2025-08-18,1
O0361,C072,P110,2025-09-27,1
O0362,C072,P095,2026-01-16,1
O0363,C072,P094,2026-03-23,1
O0364,C073,P191,2025-09-13,1
O0365,C073,P162,2025-11-21,1
O0366,C073,P080,2026-02-22,1
O0367,C073,P101,2026-04-01,2
O0368,C073,P063,2026-06-10,1
O0369,C073,P117,2026-07-06,1
O0370,C074,P008,2025-12-24,1
O0371,C074,P117,2026-04-04,1
O0372,C074,P078,2026-05-06,1
O0373,C074,P142,2026-05-16,1
O0374,C075,P051,2025-08-16,1
O0375,C075,P185,2025-10-04,1
O0376,C075,P142,2025-12-29,1
O0377,C075,P042,2026-01-03,1
O0378,C075,P082,2026-06-07,1
O0379,C076,P088,2025-11-10,1
O0380,C076,P182,2026-01-18,1
O0381,C076,P158,2026-01-30,1
O0382,C076,P170,2026-03-24,1
O0383,C077,P068,2025-12-30,1
O0384,C077,P038,2026-05-14,1
O0385,C077,P080,2026-06-26,2
O0386,C078,P096,2025-12-27,2
O0387,C078,P158,2026-01-06,1
O0388,C078,P128,2026-03-04,1
O0389,C078,P017,2026-06-16,1
O0390,C078,P032,2026-07-06,1
O0391,C078,P155,2026-07-19,1
O0392,C079,P193,2025-09-17,2
O0393,C079,P139,2025-11-14,1
O0394,C079,P104,2026-01-29,1
O0395,C079,P053,2026-02-16,1
O0396,C079,P047,2026-02-28,1
O0397,C079,P089,2026-05-12,1
O0398,C080,P146,2025-12-14,1
O0399,C080,P180,2025-12-28,1
O0400,C080,P143,2025-12-30,1
O0401,C080,P102,2026-03-07,1
O0402,C080,P192,2026-05-07,1
O0403,C081,P182,2025-09-13,1
O0404,C081,P092,2026-03-08,1
O0405,C081,P149,2026-05-16,2
O0406,C081,P085,2026-06-07,1
O0407,C081,P176,2026-06-20,1
O0408,C081,P123,2026-08-02,1
O0409,C081,P170,2026-08-06,1
O0410,C082,P087,2026-03-06,1
O0411,C082,P034,2026-03-21,1
O0412,C082,P122,2026-07-03,2
O0413,C083,P064,2025-07-20,1
O0414,C083,P109,2025-09-16,1
O0415,C083,P008,2025-12-08,1
O0416,C083,P198,2025-12-22,1
O0417,C083,P144,2026-02-27,1
O0418,C083,P096,2026-04-15,1
O0419,C083,P046,2026-06-03,1
O0420,C083,P037,2026-07-11,1
O0421,C083,P160,2026-07-24,1
O0422,C084,P024,2025-09-14,1
O0423,C084,P110,2025-11-09,1
O0424,C084,P180,2026-01-31,1
O0425,C084,P069,2026-02-22,1
O0426,C084,P142,2026-07-01,1
O0427,C085,P149,2026-01-30,1
O0428,C085,P187,2026-04-07,1
O0429,C085,P105,2026-05-08,1
O0430,C086,P088,2026-02-05,1
O0431,C086,P071,2026-02-21,1
O0432,C086,P115,2026-04-09,1
O0433,C087,P080,2025-07-23,1
O0434,C087,P093,2025-07-31,1
O0435,C087,P118,2025-09-24,1
O0436,C087,P195,2025-09-26,1
O0437,C087,P191,2025-11-10,1
O0438,C087,P050,2026-01-28,1
O0439,C088,P084,2025-10-14,1
O0440,C088,P197,2025-10-14,1
O0441,C088,P053,2025-10-22,1
O0442,C088,P066,2026-01-18,1
O0443,C088,P180,2026-02-12,1
O0444,C088,P023,2026-02-18,1
O0445,C088,P183,2026-05-03,1
O0446,C088,P174,2026-06-02,1
O0447,C089,P009,2025-07-13,1
O0448,C089,P064,2025-08-25,1
O0449,C089,P043,2025-09-02,2
O0450,C089,P011,2025-09-13,1
O0451,C089,P136,2026-04-05,1
O0452,C089,P165,2026-04-06,1
O0453,C089,P162,2026-06-10,1
O0454,C089,P003,2026-06-26,1
O0455,C090,P118,2025-08-08,1
O0456,C090,P137,2025-09-20,1
O0457,C090,P096,2025-12-05,1
O0458,C090,P197,2026-02-28,1
O0459,C091,P115,2025-09-06,2
O0460,C091,P062,2026-03-31,1
O0461,C091,P096,2026-07-14,1
O0462,C092,P120,2025-10-25,1
O0463,C092,P147,2025-12-18,1
O0464,C092,P149,2026-04-16,2
O0465,C092,P051,2026-05-15,1
O0466,C092,P183,2026-07-23,1
O0467,C093,P073,2025-07-26,1
O0468,C093,P131,2026-03-27,1
O0469,C093,P187,2026-05-15,1
O0470,C093,P106,2026-06-06,1
O0471,C094,P045,2025-07-29,1
O0472,C094,P011,2025-11-08,1
O0473,C094,P024,2025-12-30,1
O0474,C094,P177,2026-02-27,3
O0475,C094,P040,2026-05-13,1
O0476,C094,P107,2026-07-19,1
O0477,C095,P039,2025-10-10,2
O0478,C095,P053,2025-10-27,1
O0479,C095,P179,2026-02-06,1
O0480,C095,P180,2026-05-16,1
O0481,C095,P006,2026-06-08,3
O0482,C095,P071,2026-06-20,1
O0483,C096,P058,2025-08-19,2
O0484,C096,P075,2026-02-25,1
O0485,C097,P081,2025-10-14,1
O0486,C097,P051,2025-11-29,1
O0487,C097,P053,2025-12-25,1
O0488,C097,P185,2026-01-11,1
O0489,C098,P142,2025-10-30,1
O0490,C098,P019,2025-11-09,1
O0491,C098,P190,2025-12-29,1
O0492,C098,P179,2026-02-21,1
O0493,C099,P108,2025-08-27,1
O0494,C099,P062,2025-08-30,1
O0495,C099,P114,2025-09-11,1
O0496,C099,P046,2026-02-19,1
O0497,C099,P194,2026-06-20,3
O0498,C099,P170,2026-06-23,1
O0499,C099,P043,2026-07-23,1
O0500,C100,P078,2025-07-25,1
O0501,C100,P093,2025-12-04,1
O0502,C100,P066,2026-01-17,1
O0503,C100,P121,2026-07-21,1
O0504,C101,P148,2025-07-07,1
O0505,C101,P153,2025-08-01,1
O0506,C101,P096,2025-08-30,1
O0507,C101,P001,2025-09-13,1
O0508,C101,P172,2025-10-30,1
O0509,C101,P131,2025-11-17,1
O0510,C101,P078,2026-04-25,1
O0511,C101,P155,2026-04-29,1
O0512,C101,P097,2026-05-12,2
O0513,C102,P140,2025-09-04,1
O0514,C102,P083,2025-11-16,1
O0515,C102,P075,2026-07-07,1
O0516,C103,P123,2026-02-01,1
O0517,C103,P048,2026-02-13,2
O0518,C103,P162,2026-05-13,2
O0519,C104,P061,2025-07-16,1
O0520,C104,P044,2025-12-22,1
O0521,C104,P199,2026-03-19,1
O0522,C104,P197,2026-06-19,1
O0523,C104,P056,2026-07-22,1
O0524,C105,P128,2025-09-12,1
O0525,C105,P141,2026-03-22,1
O0526,C105,P183,2026-06-05,1
O0527,C106,P121,2025-08-09,1
O0528,C106,P102,2025-11-17,1
O0529,C106,P041,2025-12-22,1
O0530,C106,P194,2026-01-11,1
O0531,C106,P013,2026-08-03,1
O0532,C106,P103,2026-08-04,1
O0533,C107,P152,2025-08-05,1
O0534,C107,P123,2025-12-04,1
O0535,C107,P121,2026-01-07,1
O0536,C107,P039,2026-01-23,3
O0537,C107,P078,2026-01-30,1
O0538,C107,P144,2026-02-09,1
O0539,C107,P034,2026-04-30,1
O0540,C107,P096,2026-05-09,1
O0541,C108,P010,2025-11-03,1
O0542,C108,P028,2025-12-17,1
O0543,C108,P054,2025-12-23,3
O0544,C108,P035,2026-04-21,1
O0545,C108,P199,2026-05-21,1
O0546,C108,P012,2026-07-12,1
O0547,C109,P169,2026-02-23,1
O0548,C109,P124,2026-07-25,1
O0549,C109,P126,2026-08-03,1
O0550,C110,P085,2026-05-05,1
O0551,C110,P063,2026-06-01,3
O0552,C111,P149,2025-09-21,1
O0553,C111,P139,2025-10-02,1
O0554,C111,P006,2025-10-29,1
O0555,C111,P084,2025-11-10,1
O0556,C111,P091,2026-07-08,1
O0557,C112,P046,2025-07-08,1
O0558,C112,P066,2025-10-12,1
O0559,C112,P167,2026-01-08,2
O0560,C112,P198,2026-04-13,1
O0561,C112,P109,2026-04-27,1
O0562,C113,P174,2026-05-27,1
O0563,C113,P002,2026-07-19,1
O0564,C114,P131,2025-08-21,1
O0565,C114,P082,2025-09-18,1
O0566,C114,P179,2025-11-18,1
O0567,C114,P162,2026-02-26,1
O0568,C114,P145,2026-03-22,1
O0569,C114,P008,2026-06-13,3
O0570,C114,P053,2026-06-26,1
O0571,C114,P089,2026-07-11,1
O0572,C115,P051,2025-11-07,1
O0573,C115,P165,2026-03-13,1
O0574,C115,P085,2026-03-23,1
O0575,C115,P024,2026-03-30,1
O0576,C115,P109,2026-05-17,1
O0577,C115,P033,2026-07-16,1
O0578,C116,P156,2025-08-01,1
O0579,C116,P127,2025-09-19,3
O0580,C117,P107,2025-07-14,1
O0581,C117,P129,2026-01-11,1
O0582,C117,P070,2026-05-31,1
O0583,C117,P124,2026-06-15,1
O0584,C118,P102,2025-11-20,1
O0585,C118,P185,2026-04-15,1
O0586,C118,P084,2026-07-11,2
O0587,C119,P042,2025-07-31,1
O0588,C119,P090,2026-04-30,1
O0589,C119,P013,2026-07-01,1
O0590,C120,P030,2025-08-25,2
O0591,C120,P005,2025-08-25,1
O0592,C120,P180,2025-12-11,1
O0593,C120,P189,2025-12-14,1
O0594,C120,P127,2025-12-16,1
O0595,C120,P130,2026-05-03,1
O0596,C120,P047,2026-05-10,1
O0597,C121,P084,2025-07-22,1
O0598,C121,P047,2025-08-10,1
O0599,C121,P041,2025-12-15,1
O0600,C121,P182,2026-02-07,1
O0601,C121,P005,2026-03-24,1
O0602,C121,P072,2026-07-18,1
O0603,C122,P031,2025-09-23,1
O0604,C122,P083,2025-09-24,1
O0605,C122,P047,2026-02-14,1
O0606,C123,P098,2025-07-27,1
O0607,C123,P133,2025-09-03,2
O0608,C123,P093,2026-02-19,1
O0609,C123,P180,2026-07-14,1
O0610,C123,P171,2026-07-23,1
O0611,C124,P099,2025-07-12,1
O0612,C124,P063,2025-09-17,1
O0613,C124,P167,2025-11-03,1
O0614,C124,P012,2026-02-16,2
O0615,C124,P096,2026-04-12,1
O0616,C124,P001,2026-06-13,2
O0617,C124,P045,2026-07-31,1
O0618,C125,P187,2025-07-17,1
O0619,C125,P152,2025-08-03,1
O0620,C125,P073,2025-10-07,1
O0621,C125,P090,2025-11-08,1
O0622,C125,P055,2026-01-29,2
O0623,C125,P185,2026-02-11,1
O0624,C126,P125,2025-10-10,1
O0625,C126,P072,2025-10-28,1
O0626,C126,P023,2025-12-05,1
O0627,C126,P146,2026-02-06,1
O0628,C126,P141,2026-05-17,1
O0629,C126,P199,2026-05-30,1
O0630,C126,P178,2026-07-01,1
O0631,C127,P155,2025-08-23,1
O0632,C127,P190,2025-10-14,1
O0633,C127,P197,2026-05-29,1
O0634,C127,P078,2026-06-24,1
O0635,C128,P144,2025-07-29,1
O0636,C128,P141,2025-12-25,2
O0637,C128,P169,2026-02-23,1
O0638,C129,P110,2025-08-09,1
O0639,C129,P198,2025-08-19,1
O0640,C129,P199,2026-05-14,1
O0641,C129,P155,2026-06-09,1
O0642,C130,P176,2025-08-01,1
O0643,C130,P149,2025-12-06,3
O0644,C130,P095,2025-12-22,1
O0645,C130,P061,2026-03-26,2
O0646,C131,P056,2025-10-27,1
O0647,C131,P156,2025-10-28,1
O0648,C131,P141,2025-11-30,1
O0649,C131,P005,2026-05-22,1
O0650,C131,P004,2026-05-30,1
O0651,C132,P164,2025-08-11,1
O0652,C132,P066,2026-04-11,1
O0653,C132,P044,2026-07-16,1
O0654,C132,P193,2026-08-03,1
O0655,C133,P137,2025-07-11,1
O0656,C133,P165,2026-01-14,1
O0657,C133,P075,2026-02-26,1
O0658,C133,P087,2026-05-28,1
O0659,C133,P052,2026-07-13,1
O0660,C134,P096,2025-09-08,3
O0661,C134,P005,2025-10-06,1
O0662,C134,P195,2026-02-27,1
O0663,C134,P008,2026-03-03,1
O0664,C134,P002,2026-03-21,1
O0665,C134,P084,2026-08-05,1
O0666,C135,P053,2025-10-19,1
O0667,C135,P030,2025-11-12,1
O0668,C135,P007,2025-12-28,1
O0669,C135,P044,2026-01-22,2
O0670,C135,P164,2026-07-31,1
O0671,C136,P155,2025-07-28,3
O0672,C136,P068,2025-08-15,1
O0673,C137,P153,2025-07-07,1
O0674,C137,P180,2025-08-11,1
O0675,C137,P082,2025-10-19,1
O0676,C137,P114,2026-01-16,1
O0677,C137,P105,2026-03-20,1
O0678,C137,P077,2026-03-26,1
O0679,C137,P076,2026-06-16,1
O0680,C137,P196,2026-07-14,1
O0681,C138,P060,2025-09-01,1
O0682,C138,P093,2026-05-24,2
O0683,C138,P145,2026-06-02,1
O0684,C138,P005,2026-06-30,1
O0685,C139,P094,2025-11-14,1
O0686,C139,P155,2026-04-11,1
O0687,C139,P109,2026-05-27,1
O0688,C140,P133,2025-07-15,1
O0689,C140,P189,2025-10-03,1
O0690,C140,P009,2025-10-19,1
O0691,C140,P002,2026-04-17,1
O0692,C141,P145,2025-08-05,1
O0693,C141,P193,2025-08-21,1
O0694,C141,P133,2025-09-27,1
O0695,C141,P103,2025-10-22,1
O0696,C141,P144,2025-10-26,1
O0697,C141,P089,2025-12-16,3
O0698,C141,P082,2026-01-03,1
O0699,C141,P191,2026-04-25,1
O0700,C141,P173,2026-07-10,1
O0701,C141,P135,2026-08-05,1
O0702,C142,P199,2025-08-11,1
O0703,C142,P043,2025-08-14,1
O0704,C142,P166,2025-09-20,1
O0705,C142,P141,2025-10-21,1
O0706,C142,P092,2025-11-29,1
O0707,C142,P172,2026-01-17,1
O0708,C142,P118,2026-03-30,1
O0709,C142,P031,2026-04-30,1
O0710,C143,P009,2025-09-30,1
O0711,C143,P088,2025-10-18,1
O0712,C143,P014,2026-04-04,1
O0713,C143,P158,2026-04-14,1
O0714,C144,P101,2025-11-15,1
O0715,C144,P071,2026-03-26,1
O0716,C144,P193,2026-04-23,1
O0717,C144,P164,2026-04-23,2
O0718,C144,P168,2026-07-27,1
O0719,C145,P194,2025-11-15,1
O0720,C145,P049,2025-12-29,1
O0721,C145,P152,2026-05-10,1
O0722,C145,P133,2026-06-07,1
O0723,C145,P113,2026-06-10,1
O0724,C146,P198,2025-07-08,1
O0725,C146,P108,2025-07-17,1
O0726,C146,P116,2025-10-27,1
O0727,C146,P176,2025-11-10,1
O0728,C146,P136,2026-05-30,1
O0729,C146,P092,2026-06-21,1
O0730,C146,P155,2026-07-26,1
O0731,C147,P062,2025-07-10,1
O0732,C147,P002,2025-07-20,1
O0733,C147,P070,2026-04-20,1
O0734,C147,P106,2026-04-23,1
O0735,C148,P102,2025-08-24,2
O0736,C148,P106,2025-10-18,1
O0737,C148,P023,2025-10-19,1
O0738,C148,P143,2026-04-14,1
O0739,C149,P006,2025-11-26,2
O0740,C149,P179,2026-05-05,1
O0741,C149,P066,2026-07-07,1
O0742,C150,P063,2025-08-02,1
O0743,C150,P087,2025-11-18,1
O0744,C150,P123,2025-11-23,1
O0745,C150,P154,2026-01-26,1
O0746,C150,P004,2026-06-01,1
O0747,C150,P169,2026-07-19,1
O0748,C151,P072,2025-08-03,1
O0749,C151,P001,2025-09-02,1
O0750,C151,P078,2026-03-07,1
O0751,C151,P105,2026-03-15,1
O0752,C151,P061,2026-05-18,1
O0753,C151,P172,2026-06-06,1
O0754,C152,P149,2025-09-04,2
O0755,C152,P024,2025-11-30,1
O0756,C152,P052,2025-12-16,1
O0757,C152,P034,2026-02-08,1
O0758,C152,P126,2026-03-30,1
O0759,C152,P016,2026-07-29,1
O0760,C153,P034,2025-08-17,1
O0761,C153,P029,2025-12-03,1
O0762,C153,P170,2026-01-08,1
O0763,C154,P168,2025-08-22,1
O0764,C154,P025,2026-01-03,3
O0765,C154,P072,2026-02-04,1
O0766,C154,P156,2026-06-11,2
O0767,C154,P079,2026-07-17,1
O0768,C155,P191,2025-10-14,3
O0769,C155,P168,2025-10-22,1
O0770,C155,P091,2025-12-01,2
O0771,C155,P047,2025-12-18,1
O0772,C155,P080,2026-03-15,1
O0773,C155,P107,2026-05-12,1
O0774,C155,P113,2026-06-24,1
O0775,C155,P169,2026-07-27,1
O0776,C156,P165,2025-08-15,1
O0777,C156,P161,2025-08-26,1
O0778,C156,P123,2025-11-06,2
O0779,C156,P037,2026-01-28,1
O0780,C156,P132,2026-01-31,1
O0781,C156,P186,2026-02-16,1
O0782,C156,P042,2026-02-17,1
O0783,C156,P116,2026-02-21,1
O0784,C157,P037,2025-08-18,1
O0785,C157,P080,2025-09-25,1
O0786,C157,P039,2025-10-25,1
O0787,C157,P137,2026-02-05,1
O0788,C157,P055,2026-03-19,3
O0789,C158,P137,2025-09-08,1
O0790,C158,P022,2025-10-31,1
O0791,C158,P034,2025-11-21,1
O0792,C158,P149,2026-04-12,1
O0793,C158,P082,2026-06-13,1
O0794,C159,P199,2025-12-14,1
O0795,C159,P123,2026-01-06,1
O0796,C159,P154,2026-02-23,1
O0797,C159,P066,2026-04-30,1
O0798,C160,P057,2025-09-21,1
O0799,C160,P135,2025-09-22,1
O0800,C160,P029,2025-11-16,1
O0801,C160,P195,2026-03-22,1
O0802,C160,P091,2026-05-15,1
O0803,C160,P126,2026-05-17,1
O0804,C160,P139,2026-06-08,1
O0805,C160,P093,2026-08-05,1
O0806,C161,P136,2025-09-05,1
O0807,C161,P059,2026-02-04,1
O0808,C161,P002,2026-03-25,1
O0809,C162,P118,2026-03-30,1
O0810,C162,P031,2026-06-13,1
O0811,C163,P109,2025-07-20,1
O0812,C163,P185,2025-11-04,1
O0813,C163,P077,2025-12-18,1
O0814,C164,P131,2025-10-24,1
O0815,C164,P196,2026-06-17,1
O0816,C164,P101,2026-08-02,1
O0817,C165,P163,2025-07-21,1
O0818,C165,P153,2025-11-02,1
O0819,C165,P142,2025-12-04,1
O0820,C165,P161,2025-12-11,1
O0821,C165,P089,2026-07-22,1
O0822,C165,P143,2026-07-31,1
O0823,C166,P169,2025-11-06,1
O0824,C166,P196,2026-01-19,1
O0825,C166,P191,2026-01-25,1
O0826,C166,P029,2026-04-05,1
O0827,C167,P158,2025-11-15,1
O0828,C167,P109,2025-12-09,1
O0829,C167,P138,2026-05-19,1
O0830,C167,P117,2026-06-01,1
O0831,C168,P123,2025-09-10,1
O0832,C168,P080,2025-11-17,1
O0833,C168,P085,2025-12-05,1
O0834,C168,P179,2026-02-15,1
O0835,C168,P100,2026-07-31,1
O0836,C169,P137,2025-08-24,1
O0837,C169,P176,2025-10-02,1
O0838,C169,P105,2026-02-16,1
O0839,C169,P141,2026-06-16,1
O0840,C169,P183,2026-07-02,1
O0841,C170,P090,2025-11-14,1
O0842,C170,P153,2026-02-15,2
O0843,C170,P005,2026-03-19,1
O0844,C171,P155,2025-08-04,1
O0845,C171,P061,2025-09-18,1
O0846,C171,P147,2025-10-02,1
O0847,C171,P042,2025-10-05,1
O0848,C171,P068,2026-01-24,1
O0849,C171,P183,2026-04-19,1
O0850,C171,P137,2026-07-11,1
O0851,C171,P130,2026-07-30,2
O0852,C172,P057,2025-12-18,1
O0853,C172,P194,2026-02-18,1
O0854,C172,P099,2026-04-14,1
O0855,C173,P154,2026-03-03,1
O0856,C173,P138,2026-05-08,2
O0857,C173,P180,2026-06-03,1
O0858,C174,P011,2026-02-16,2
O0859,C174,P033,2026-03-10,1
O0860,C174,P174,2026-03-11,1
O0861,C174,P023,2026-03-29,1
O0862,C175,P195,2025-07-15,1
O0863,C175,P014,2025-12-10,1
O0864,C175,P158,2026-02-08,1
O0865,C175,P113,2026-07-07,1
O0866,C176,P059,2025-07-19,1
O0867,C176,P188,2025-09-28,2
O0868,C176,P012,2025-11-09,1
O0869,C176,P033,2025-12-15,1
O0870,C176,P079,2026-02-22,1
O0871,C176,P117,2026-04-27,1
O0872,C177,P156,2025-07-07,1
O0873,C177,P155,2026-03-29,1
O0874,C177,P145,2026-07-31,1
O0875,C178,P153,2025-12-21,1
O0876,C178,P117,2026-01-23,1
O0877,C178,P191,2026-02-15,1
O0878,C178,P167,2026-03-28,1
O0879,C179,P032,2025-09-01,1
O0880,C179,P192,2025-10-07,1
O0881,C179,P010,2025-11-30,1
O0882,C179,P128,2026-02-14,1
O0883,C179,P166,2026-02-19,1
O0884,C179,P068,2026-07-14,1
O0885,C179,P033,2026-07-30,1
O0886,C180,P006,2025-07-10,1
O0887,C180,P049,2025-12-24,1
O0888,C180,P172,2026-01-17,2
O0889,C180,P187,2026-02-26,1
O0890,C180,P043,2026-05-07,2
O0891,C181,P170,2025-08-02,1
O0892,C181,P024,2025-08-22,1
O0893,C181,P194,2025-10-15,2
O0894,C181,P011,2025-12-27,1
O0895,C181,P190,2026-02-17,1
O0896,C181,P168,2026-03-28,1
O0897,C181,P063,2026-04-25,1
O0898,C181,P090,2026-05-17,1
O0899,C181,P001,2026-07-22,1
O0900,C182,P176,2025-08-03,1
O0901,C182,P048,2025-12-02,1
O0902,C182,P070,2026-01-20,1
O0903,C182,P053,2026-02-07,2
O0904,C182,P177,2026-03-19,1
O0905,C182,P166,2026-04-02,1
O0906,C182,P082,2026-07-04,1
O0907,C183,P043,2025-08-06,1
O0908,C183,P086,2025-12-03,1
O0909,C183,P108,2026-06-10,1
O0910,C184,P108,2025-07-12,1
O0911,C184,P178,2026-02-04,1
O0912,C184,P081,2026-04-21,1
O0913,C184,P112,2026-07-16,1
O0914,C184,P144,2026-07-31,1
O0915,C185,P176,2026-02-27,1
O0916,C185,P129,2026-05-06,1
O0917,C186,P041,2025-10-31,3
O0918,C186,P013,2026-03-11,2
O0919,C186,P012,2026-05-18,1
O0920,C186,P115,2026-07-20,1
O0921,C187,P096,2025-11-09,1
O0922,C187,P144,2026-03-19,1
O0923,C187,P188,2026-04-18,1
O0924,C187,P149,2026-04-22,1
O0925,C187,P103,2026-06-05,1
O0926,C187,P095,2026-07-07,1
O0927,C187,P173,2026-07-08,1
O0928,C187,P126,2026-07-17,1
O0929,C188,P139,2025-07-27,1
O0930,C188,P149,2025-09-15,1
O0931,C188,P126,2025-10-09,1
O0932,C188,P196,2025-12-25,1
O0933,C188,P014,2026-04-02,1
O0934,C189,P152,2025-12-11,1
O0935,C189,P072,2026-03-04,1
O0936,C189,P055,2026-05-01,1
O0937,C189,P174,2026-06-07,1
O0938,C190,P078,2025-07-26,1
O0939,C190,P079,2026-01-20,1
O0940,C190,P140,2026-01-28,1
O0941,C190,P126,2026-02-01,2
O0942,C190,P170,2026-04-14,1
O0943,C190,P129,2026-05-22,1
O0944,C190,P057,2026-08-05,1
O0945,C191,P147,2025-11-06,1
O0946,C191,P161,2026-01-09,1
O0947,C191,P078,2026-02-27,1
O0948,C191,P089,2026-05-16,2
O0949,C191,P044,2026-07-20,1
O0950,C192,P071,2025-08-28,1
O0951,C192,P037,2025-10-27,1
O0952,C192,P080,2026-04-03,1
O0953,C193,P070,2025-07-07,1
O0954,C193,P039,2025-08-31,1
O0955,C193,P167,2025-09-19,1
O0956,C193,P080,2025-11-21,1
O0957,C193,P033,2026-03-01,2
O0958,C193,P063,2026-04-06,1
O0959,C193,P042,2026-04-28,1
O0960,C193,P104,2026-06-11,1
O0961,C193,P085,2026-07-30,1
O0962,C194,P082,2025-09-14,1
O0963,C194,P128,2025-11-04,1
O0964,C194,P097,2026-01-03,1
O0965,C194,P166,2026-02-21,1
O0966,C195,P096,2025-08-19,1
O0967,C195,P113,2025-10-27,1
O0968,C195,P138,2025-12-01,1
O0969,C195,P043,2026-01-04,1
O0970,C195,P008,2026-01-13,1
O0971,C195,P152,2026-04-02,1
O0972,C195,P067,2026-07-16,1
O0973,C195,P029,2026-07-24,1
O0974,C196,P096,2025-11-02,1
O0975,C196,P008,2025-12-13,1
O0976,C196,P099,2025-12-24,1
O0977,C196,P053,2026-03-06,1
O0978,C196,P137,2026-07-01,1
O0979,C197,P165,2025-08-18,2
O0980,C197,P093,2026-02-10,1
O0981,C197,P023,2026-03-27,2
O0982,C197,P140,2026-07-10,1
O0983,C197,P162,2026-07-11,1
O0984,C197,P096,2026-08-06,1
O0985,C198,P140,2025-11-15,1
O0986,C198,P123,2026-02-20,1
O0987,C198,P053,2026-04-22,1
O0988,C199,P165,2025-08-19,1
O0989,C199,P183,2025-08-24,1
O0990,C199,P103,2026-04-11,1
O0991,C199,P075,2026-04-22,1
O0992,C199,P050,2026-07-02,1
O0993,C200,P151,2025-08-14,2
O0994,C200,P149,2025-09-03,1
O0995,C200,P036,2025-11-03,1
O0996,C200,P105,2025-12-22,1
O0997,C200,P084,2026-06-23,1
O0998,C201,P051,2025-08-22,1
O0999,C201,P149,2025-10-09,2
O1000,C201,P063,2026-02-08,1
O1001,C201,P075,2026-03-08,1
O1002,C201,P077,2026-04-11,1
O1003,C201,P049,2026-04-11,1
O1004,C201,P147,2026-05-26,1
O1005,C202,P174,2025-11-12,1
O1006,C202,P141,2025-12-06,1
O1007,C202,P017,2025-12-24,1
O1008,C202,P161,2026-01-02,3
O1009,C202,P030,2026-03-05,1
O1010,C202,P197,2026-04-15,1
O1011,C202,P010,2026-06-24,1
O1012,C203,P022,2025-12-12,1
O1013,C203,P139,2026-03-31,1
O1014,C203,P064,2026-05-06,1
O1015,C204,P157,2025-07-27,1
O1016,C204,P195,2025-08-22,1
O1017,C204,P170,2026-06-16,2
O1018,C204,P121,2026-07-10,1
O1019,C205,P125,2025-09-07,1
O1020,C205,P047,2025-09-11,1
O1021,C205,P016,2025-12-11,1
O1022,C205,P163,2026-01-15,1
O1023,C205,P117,2026-02-08,3
O1024,C205,P007,2026-07-06,2
O1025,C205,P130,2026-07-09,1
O1026,C206,P145,2025-07-21,1
O1027,C206,P144,2025-08-23,1
O1028,C206,P199,2025-09-20,1
O1029,C206,P132,2025-09-28,1
O1030,C206,P097,2026-04-10,1
O1031,C206,P028,2026-04-28,1
O1032,C206,P045,2026-06-02,1
O1033,C206,P069,2026-06-29,1
O1034,C207,P132,2025-08-16,1
O1035,C207,P196,2025-08-27,1
O1036,C207,P142,2025-11-23,1
O1037,C207,P158,2026-01-31,1
O1038,C207,P002,2026-02-10,1
O1039,C207,P011,2026-06-13,1
O1040,C208,P058,2025-07-18,1
O1041,C208,P107,2025-07-24,1
O1042,C208,P129,2025-08-19,1
O1043,C208,P139,2025-10-07,1
O1044,C208,P196,2025-12-30,1
O1045,C208,P159,2026-02-15,1
O1046,C208,P088,2026-06-03,1
O1047,C209,P011,2025-11-16,1
O1048,C209,P117,2025-12-30,1
O1049,C209,P102,2026-02-09,1
O1050,C210,P058,2025-08-25,1
O1051,C210,P041,2025-09-06,1
O1052,C210,P132,2026-03-16,1
O1053,C210,P029,2026-06-26,1
O1054,C211,P102,2026-03-17,1
O1055,C211,P006,2026-04-14,1
O1056,C211,P153,2026-05-19,1
O1057,C212,P056,2026-02-27,1
O1058,C212,P141,2026-05-15,1
O1059,C212,P154,2026-07-10,1
O1060,C213,P014,2025-08-02,2
O1061,C213,P115,2025-09-19,1
O1062,C213,P091,2025-10-02,1
O1063,C213,P118,2026-02-05,2
O1064,C213,P176,2026-02-22,1
O1065,C214,P138,2025-07-25,1
O1066,C214,P013,2025-10-04,1
O1067,C215,P025,2025-10-25,1
O1068,C215,P064,2025-11-04,1
O1069,C215,P087,2026-07-29,1
O1070,C216,P110,2025-09-09,1
O1071,C216,P075,2025-09-16,2
O1072,C216,P124,2026-03-29,1
O1073,C217,P197,2025-07-27,1
O1074,C217,P149,2025-09-21,1
O1075,C217,P115,2025-11-19,2
O1076,C217,P001,2025-12-04,3
O1077,C217,P137,2026-03-12,1
O1078,C217,P072,2026-04-22,1
O1079,C217,P107,2026-06-28,1
O1080,C218,P084,2026-03-05,1
O1081,C218,P102,2026-04-14,2
O1082,C218,P162,2026-05-08,1
O1083,C219,P113,2025-09-24,1
O1084,C219,P159,2026-03-28,1
O1085,C219,P140,2026-05-11,1
O1086,C220,P004,2025-07-16,1
O1087,C220,P100,2025-11-12,1
O1088,C220,P157,2026-01-22,1
O1089,C220,P038,2026-02-20,1
O1090,C220,P185,2026-02-20,3
O1091,C220,P199,2026-02-27,1
O1092,C220,P115,2026-04-21,1
O1093,C220,P090,2026-05-15,1
O1094,C221,P133,2025-09-01,1
O1095,C221,P169,2026-03-09,1
O1096,C221,P179,2026-06-01,1
O1097,C222,P149,2025-07-08,1
O1098,C222,P073,2025-09-24,1
O1099,C222,P038,2025-11-29,1
O1100,C222,P134,2026-05-27,1
O1101,C223,P052,2025-11-03,1
O1102,C223,P003,2025-11-14,1
O1103,C223,P155,2026-03-20,1
O1104,C223,P046,2026-04-21,1
O1105,C223,P159,2026-06-11,1
O1106,C223,P118,2026-08-01,1
O1107,C224,P149,2025-09-28,1
O1108,C224,P090,2025-11-11,1
O1109,C224,P134,2025-12-09,1
O1110,C224,P131,2026-07-10,1
O1111,C225,P199,2025-08-06,1
O1112,C225,P145,2025-11-04,1
O1113,C225,P197,2025-12-29,1
O1114,C225,P192,2026-02-03,1
O1115,C225,P136,2026-04-09,1
O1116,C225,P181,2026-04-11,1
O1117,C225,P037,2026-06-19,1
O1118,C226,P048,2025-07-09,2
O1119,C226,P006,2025-11-28,1
O1120,C226,P196,2025-12-01,1
O1121,C226,P188,2026-03-04,1
O1122,C226,P177,2026-04-03,1
O1123,C226,P028,2026-05-09,1
O1124,C227,P119,2025-07-26,1
O1125,C227,P047,2025-09-19,1
O1126,C227,P046,2025-12-27,1
O1127,C227,P080,2026-05-19,1
O1128,C228,P017,2025-11-06,1
O1129,C228,P116,2026-04-07,1
O1130,C228,P151,2026-04-10,1
O1131,C228,P081,2026-06-18,1
O1132,C228,P106,2026-07-20,1
O1133,C229,P054,2025-10-20,1
O1134,C229,P178,2025-10-31,1
O1135,C229,P100,2026-01-28,1
O1136,C229,P074,2026-02-17,1
O1137,C229,P041,2026-02-24,1
O1138,C229,P108,2026-04-13,1
O1139,C229,P194,2026-06-07,1
O1140,C229,P080,2026-06-26,1
O1141,C230,P093,2025-08-03,1
O1142,C230,P185,2025-12-24,1
O1143,C230,P029,2026-02-04,1
O1144,C230,P073,2026-03-12,1
O1145,C230,P090,2026-05-26,1
O1146,C231,P066,2025-09-15,1
O1147,C231,P047,2026-05-06,1
O1148,C231,P155,2026-07-29,1
O1149,C232,P116,2025-07-07,1
O1150,C232,P164,2025-08-01,1
O1151,C232,P110,2025-08-29,1
O1152,C232,P197,2025-09-28,1
O1153,C232,P118,2025-10-23,1
O1154,C232,P012,2025-12-10,1
O1155,C232,P023,2026-03-03,1
O1156,C232,P059,2026-03-31,1
O1157,C233,P017,2025-09-14,3
O1158,C233,P026,2025-12-09,1
O1159,C233,P094,2026-01-18,1
O1160,C234,P179,2025-10-22,1
O1161,C234,P053,2025-11-14,1
O1162,C234,P131,2026-02-13,1
O1163,C234,P008,2026-04-19,1
O1164,C235,P063,2025-09-22,1
O1165,C235,P106,2025-10-19,1
O1166,C235,P043,2025-12-09,1
O1167,C235,P157,2026-04-25,2
O1168,C236,P069,2025-08-23,2
O1169,C236,P133,2026-01-18,1
O1170,C236,P171,2026-02-14,1
O1171,C236,P143,2026-07-25,1
O1172,C237,P059,2025-08-14,1
O1173,C237,P165,2025-11-01,1
O1174,C237,P108,2026-02-28,1
O1175,C237,P164,2026-04-27,1
O1176,C237,P050,2026-06-09,1
O1177,C237,P092,2026-06-28,2
O1178,C238,P026,2025-08-22,1
O1179,C238,P067,2025-10-15,1
O1180,C238,P053,2026-01-05,1
O1181,C238,P031,2026-01-12,1
O1182,C238,P069,2026-02-17,1
O1183,C238,P196,2026-02-27,1
O1184,C238,P039,2026-05-30,1
O1185,C239,P122,2026-02-17,1
O1186,C239,P130,2026-04-08,1
O1187,C239,P164,2026-05-04,1
O1188,C240,P187,2025-10-23,1
O1189,C240,P002,2025-12-15,1
O1190,C240,P064,2026-06-04,1
O1191,C241,P179,2025-11-05,1
O1192,C241,P133,2025-12-05,1
O1193,C241,P160,2025-12-16,1
O1194,C241,P046,2026-01-02,3
O1195,C241,P144,2026-05-26,1
O1196,C242,P186,2025-08-12,1
O1197,C242,P045,2025-12-03,1
O1198,C242,P035,2026-05-24,1
O1199,C242,P033,2026-07-01,1
O1200,C243,P175,2025-08-17,1
O1201,C243,P105,2025-11-02,1
O1202,C243,P004,2025-12-02,1
O1203,C243,P113,2025-12-29,1
O1204,C243,P008,2026-03-02,1
O1205,C243,P003,2026-04-28,1
O1206,C243,P155,2026-06-18,1
O1207,C244,P183,2025-10-01,1
O1208,C244,P061,2025-11-19,1
O1209,C244,P044,2026-06-11,2
O1210,C245,P190,2025-07-28,1
O1211,C245,P174,2025-10-05,1
O1212,C245,P095,2026-01-01,1
O1213,C245,P154,2026-01-29,1
O1214,C245,P181,2026-03-12,1
O1215,C245,P179,2026-03-22,1
O1216,C245,P119,2026-05-23,1
O1217,C245,P127,2026-06-27,1
O1218,C246,P030,2025-08-20,1
O1219,C246,P032,2025-12-13,1
O1220,C246,P161,2026-02-13,1
O1221,C246,P050,2026-03-14,1
O1222,C246,P188,2026-04-25,2
O1223,C246,P133,2026-06-27,1
O1224,C247,P159,2025-07-13,1
O1225,C247,P073,2025-10-14,3
O1226,C247,P083,2026-01-02,3
O1227,C247,P096,2026-02-19,1
O1228,C247,P172,2026-03-05,1
O1229,C247,P189,2026-04-23,1
O1230,C247,P095,2026-06-01,1
O1231,C247,P115,2026-06-20,1
O1232,C248,P158,2025-10-13,1
O1233,C248,P072,2025-10-27,1
O1234,C248,P084,2025-11-06,1
O1235,C248,P029,2026-01-08,1
O1236,C248,P159,2026-01-08,1
O1237,C248,P184,2026-02-27,1
O1238,C248,P002,2026-04-20,1
O1239,C249,P109,2025-10-17,1
O1240,C249,P171,2025-11-27,1
O1241,C249,P152,2026-03-06,1
O1242,C249,P105,2026-05-30,1
O1243,C250,P048,2025-08-11,1
O1244,C250,P182,2025-09-28,1
O1245,C250,P040,2025-11-05,1
O1246,C250,P099,2025-11-07,1
O1247,C250,P170,2026-03-06,1
O1248,C250,P161,2026-03-26,1
O1249,C250,P067,2026-06-18,1
O1250,C250,P051,2026-06-27,1
O1251,C250,P033,2026-07-30,1
O1252,C251,P197,2025-10-03,1
O1253,C251,P044,2025-10-19,1
O1254,C251,P097,2025-11-03,1
O1255,C251,P158,2026-02-10,1
O1256,C251,P160,2026-06-01,1
O1257,C251,P185,2026-06-04,2
O1258,C251,P038,2026-07-02,1
O1259,C251,P099,2026-07-10,1
O1260,C252,P058,2025-07-31,1
O1261,C252,P059,2025-08-02,1
O1262,C252,P029,2026-01-26,1
O1263,C252,P040,2026-01-27,1
O1264,C252,P156,2026-04-11,1
O1265,C252,P139,2026-07-04,1
O1266,C253,P091,2025-10-31,1
O1267,C253,P178,2025-11-06,2
O1268,C253,P121,2025-11-23,1
O1269,C253,P016,2025-11-27,2
O1270,C253,P153,2025-11-29,1
O1271,C253,P002,2025-12-08,1
O1272,C253,P165,2026-03-02,1
O1273,C253,P125,2026-05-12,1
O1274,C254,P011,2025-08-15,1
O1275,C254,P196,2025-10-22,1
O1276,C254,P073,2025-12-11,2
O1277,C254,P121,2026-01-31,1
O1278,C254,P136,2026-03-31,1
O1279,C255,P196,2025-08-10,2
O1280,C255,P096,2026-02-17,1
O1281,C255,P037,2026-03-24,1
O1282,C255,P136,2026-04-01,1
O1283,C255,P118,2026-05-18,1
O1284,C255,P092,2026-06-17,1
O1285,C255,P061,2026-07-03,1
O1286,C256,P129,2025-07-19,1
O1287,C256,P072,2025-08-01,1
O1288,C256,P034,2025-10-11,1
O1289,C256,P087,2025-11-18,1
O1290,C256,P121,2026-02-19,1
O1291,C256,P002,2026-04-02,1
O1292,C256,P111,2026-05-12,1
O1293,C256,P075,2026-07-12,1
O1294,C257,P158,2025-07-09,1
O1295,C257,P084,2025-09-15,1
O1296,C257,P052,2026-02-16,1
O1297,C257,P002,2026-03-28,1
O1298,C257,P072,2026-04-09,1
O1299,C257,P085,2026-07-19,1
O1300,C258,P104,2025-07-13,1
O1301,C258,P186,2025-08-29,1
O1302,C258,P045,2025-10-16,1
O1303,C258,P180,2026-02-17,1
O1304,C258,P189,2026-05-15,1
O1305,C259,P053,2025-12-29,1
O1306,C259,P165,2026-06-25,1
O1307,C260,P092,2026-02-01,1
O1308,C260,P038,2026-03-12,1
O1309,C260,P076,2026-03-16,1
O1310,C260,P041,2026-04-12,1
O1311,C260,P075,2026-06-11,2
O1312,C261,P125,2025-08-11,1
O1313,C261,P183,2025-08-30,1
O1314,C261,P138,2025-10-15,1
O1315,C261,P011,2026-02-02,1
O1316,C261,P068,2026-02-04,1
O1317,C261,P032,2026-07-23,1
O1318,C262,P068,2026-05-04,1
O1319,C262,P021,2026-06-11,1
O1320,C263,P160,2025-07-19,1
O1321,C263,P170,2025-08-20,1
O1322,C264,P044,2025-09-01,1
O1323,C264,P107,2025-10-11,1
O1324,C265,P060,2026-05-17,1
O1325,C265,P114,2026-07-25,1
O1326,C266,P051,2025-08-02,1
O1327,C266,P146,2025-08-02,1
O1328,C266,P133,2025-09-15,1
O1329,C266,P179,2025-10-21,1
O1330,C266,P177,2025-12-06,1
O1331,C266,P171,2026-05-07,1
O1332,C267,P136,2025-08-28,1
O1333,C267,P044,2026-01-12,3
O1334,C267,P015,2026-02-20,1
O1335,C267,P160,2026-03-26,1
O1336,C267,P089,2026-05-04,1
O1337,C267,P174,2026-06-19,1
O1338,C267,P046,2026-08-03,1
O1339,C268,P038,2025-07-31,1
O1340,C268,P158,2025-10-25,1
O1341,C268,P162,2026-03-26,1
O1342,C268,P169,2026-04-19,1
O1343,C269,P053,2025-07-07,2
O1344,C269,P165,2025-07-19,1
O1345,C269,P157,2025-08-15,1
O1346,C269,P097,2026-01-08,1
O1347,C269,P001,2026-07-14,2
O1348,C270,P168,2025-07-23,1
O1349,C270,P078,2025-09-06,1
O1350,C270,P091,2026-02-22,1
O1351,C270,P119,2026-05-28,1
O1352,C271,P191,2025-08-14,1
O1353,C271,P104,2025-11-08,1
O1354,C271,P071,2026-01-07,1
O1355,C271,P153,2026-02-11,1
O1356,C271,P043,2026-03-01,1
O1357,C271,P167,2026-03-28,1
O1358,C271,P008,2026-08-06,1
O1359,C272,P099,2025-10-04,1
O1360,C272,P166,2026-03-21,1
O1361,C272,P041,2026-04-25,1
O1362,C273,P145,2025-08-29,1
O1363,C273,P192,2025-10-15,1
O1364,C273,P010,2025-11-28,1
O1365,C273,P099,2026-05-01,1
O1366,C273,P013,2026-05-26,1
O1367,C273,P165,2026-07-01,1
O1368,C274,P025,2025-07-07,1
O1369,C274,P127,2025-07-27,1
O1370,C274,P144,2025-09-30,1
O1371,C274,P036,2025-10-04,1
O1372,C274,P117,2026-02-06,1
O1373,C274,P188,2026-03-17,1
O1374,C274,P068,2026-03-23,1
O1375,C274,P044,2026-04-12,1
O1376,C275,P135,2026-02-12,1
O1377,C275,P143,2026-02-20,1
O1378,C275,P192,2026-03-28,2
O1379,C275,P145,2026-05-30,1
O1380,C275,P039,2026-06-03,2
O1381,C276,P183,2025-10-22,1
O1382,C276,P008,2025-11-14,2
O1383,C276,P115,2026-06-15,1
O1384,C276,P082,2026-07-22,2
O1385,C277,P194,2025-08-07,1
O1386,C277,P176,2025-11-13,1
O1387,C277,P115,2025-11-19,1
O1388,C277,P057,2025-12-23,1
O1389,C277,P107,2026-04-03,1
O1390,C277,P139,2026-04-14,3
O1391,C277,P140,2026-07-13,1
O1392,C277,P126,2026-07-15,1
O1393,C278,P058,2026-02-17,1
O1394,C278,P147,2026-03-10,1
O1395,C278,P090,2026-05-26,1
O1396,C278,P055,2026-06-23,1
O1397,C278,P013,2026-07-14,1
O1398,C279,P006,2025-09-02,1
O1399,C279,P173,2025-10-03,1
O1400,C279,P187,2026-02-04,1
O1401,C279,P186,2026-03-09,1
O1402,C279,P081,2026-04-12,1
O1403,C279,P031,2026-06-24,1
O1404,C280,P043,2025-09-19,3
O1405,C280,P116,2026-01-26,1
O1406,C280,P164,2026-01-27,1
O1407,C280,P024,2026-01-30,1
O1408,C280,P062,2026-02-14,1
O1409,C280,P008,2026-02-26,1
O1410,C280,P032,2026-04-26,1
O1411,C280,P128,2026-06-11,1
O1412,C281,P001,2025-09-28,2
O1413,C281,P047,2025-10-15,1
O1414,C281,P163,2025-10-22,1
O1415,C281,P112,2026-02-09,1
O1416,C281,P103,2026-04-30,1
O1417,C282,P125,2025-07-16,1
O1418,C282,P099,2025-07-22,1
O1419,C282,P103,2025-09-17,1
O1420,C282,P163,2026-02-17,1
O1421,C283,P103,2025-08-15,1
O1422,C283,P178,2025-09-15,1
O1423,C283,P099,2025-11-29,1
O1424,C284,P166,2025-10-26,1
O1425,C284,P040,2025-11-07,1
O1426,C284,P126,2026-07-01,1
O1427,C285,P053,2025-08-24,1
O1428,C285,P067,2026-01-31,1
O1429,C286,P143,2025-10-16,1
O1430,C286,P018,2025-12-29,1
O1431,C286,P040,2026-07-30,3
O1432,C287,P033,2025-11-17,1
O1433,C287,P047,2026-02-05,1
O1434,C287,P068,2026-04-03,1
O1435,C288,P165,2025-10-09,1
O1436,C288,P175,2025-12-28,1
O1437,C288,P116,2026-02-20,1
O1438,C288,P017,2026-05-07,1
O1439,C288,P018,2026-06-28,1
O1440,C289,P168,2025-09-04,1
O1441,C289,P178,2025-10-06,1
O1442,C289,P172,2025-10-08,1
O1443,C289,P023,2025-10-25,1
O1444,C289,P021,2026-04-27,1
O1445,C289,P143,2026-07-26,1
O1446,C290,P009,2025-08-26,1
O1447,C290,P038,2025-10-26,1
O1448,C290,P158,2025-11-21,1
O1449,C291,P094,2025-09-23,1
O1450,C291,P072,2026-03-23,1
O1451,C291,P109,2026-04-04,1
O1452,C291,P171,2026-05-16,2
O1453,C292,P007,2025-08-02,1
O1454,C292,P068,2025-09-22,1
O1455,C292,P124,2025-12-03,1
O1456,C292,P055,2026-01-28,1
O1457,C292,P043,2026-03-26,1
O1458,C293,P024,2025-07-27,1
O1459,C293,P179,2026-06-07,1
O1460,C293,P170,2026-06-15,1
O1461,C293,P156,2026-06-19,1
O1462,C294,P130,2025-11-07,1
O1463,C294,P142,2025-11-18,1
O1464,C294,P183,2026-04-06,1
O1465,C294,P007,2026-06-01,1
O1466,C295,P152,2025-07-18,1
O1467,C295,P085,2025-08-05,1
O1468,C295,P196,2026-03-13,2
O1469,C295,P094,2026-05-27,1
O1470,C295,P072,2026-07-11,1
O1471,C296,P035,2025-07-21,1
O1472,C296,P122,2026-01-03,1
O1473,C296,P198,2026-01-15,1
O1474,C296,P080,2026-03-07,1
O1475,C296,P056,2026-06-19,1
O1476,C297,P030,2025-10-08,1
O1477,C297,P054,2025-10-08,3
O1478,C297,P103,2025-11-27,1
O1479,C297,P177,2025-12-06,3
O1480,C297,P061,2026-01-24,1
O1481,C297,P123,2026-03-22,1
O1482,C297,P105,2026-04-22,1
O1483,C297,P184,2026-06-10,1
O1484,C298,P189,2025-07-16,1
O1485,C298,P035,2025-07-16,1
O1486,C298,P058,2025-07-26,2
O1487,C298,P061,2026-03-03,1
O1488,C298,P064,2026-04-09,1
O1489,C298,P087,2026-04-24,1
O1490,C298,P160,2026-04-30,1
O1491,C299,P075,2025-08-22,1
O1492,C299,P043,2025-10-09,2
O1493,C299,P185,2025-11-05,1
O1494,C299,P003,2025-11-24,1
O1495,C299,P134,2026-02-03,1
O1496,C299,P139,2026-03-24,1
O1497,C299,P158,2026-05-17,1
O1498,C300,P005,2025-07-22,1
O1499,C300,P086,2026-01-28,1
O1500,C300,P134,2026-07-21,1
